person,image,LEFT_EYE_LEFT_X,LEFT_EYE_LEFT_Y,LEFT_EYE_MIDDLE_X,LEFT_EYE_MIDDLE_Y,LEFT_EYE_RIGHT_X,LEFT_EYE_RIGHT_Y,LEFT_BROW_LEFT_X,LEFT_BROW_LEFT_Y,LEFT_BROW_RIGHT_X,LEFT_BROW_RIGHT_Y,RIGHT_EYE_LEFT_X,RIGHT_EYE_LEFT_Y,RIGHT_EYE_MIDDLE_X,RIGHT_EYE_MIDDLE_Y,RIGHT_EYE_RIGHT_X,RIGHT_EYE_RIGHT_Y,RIGHT_BROW_LEFT_X,RIGHT_BROW_LEFT_Y,RIGHT_BROW_RIGHT_X,RIGHT_BROW_RIGHT_Y,NOSE_X,NOSE_Y,MOUTH_LEFT_X,MOUTH_LEFT_Y,MOUTH_RIGHT_X,MOUTH_RIGHT_Y,MOUTH_TOP_X,MOUTH_TOP_Y,MOUTH_DOWN_X,MOUTH_DOWN_Y
0,0,21.1,43.93,29.46,42.0,34.96,42.0,56.96,42.0,64.82,42.0,70.32,42.79,19.24,38.07,34.96,35.71,54.6,35.71,75.03,38.86,47.53,62.43,31.82,79.71,58.53,78.93,45.96,75.0,45.96,83.64
0,1,25.07,36.88,32.95,35.04,42.29,35.82,20.49,30.37,47.74,28.03,68.77,35.04,76.55,33.48,85.9,35.82,67.99,28.03,88.23,28.03,67.99,57.62,40.74,78.64,74.99,79.42,60.98,73.97,60.2,84.1
0,2,19.41,39.71,26.72,38.94,34.51,39.71,18.16,35.82,34.51,34.26,54.75,37.38,63.32,35.82,71.1,37.38,53.19,31.93,71.1,29.59,48.52,66.19,32.95,79.42,60.2,80.2,47.74,78.64,46.96,85.65
0,3,8.08,39.71,18.16,35.04,23.61,36.6,3.36,32.71,22.83,28.81,48.52,33.48,59.42,32.71,67.21,34.26,44.63,24.92,67.21,25.7,29.84,55.29,24.38,76.31,50.86,76.31,34.51,70.86,36.06,80.98
0,4,28.61,35.47,36.06,34.26,46.19,35.82,25.94,31.15,50.08,27.26,70.32,33.48,76.55,34.26,85.9,34.26,71.88,27.26,87.45,27.26,71.1,54.51,46.19,77.87,78.11,77.09,66.43,72.42,66.43,79.42
0,5,5.25,40.42,15.82,38.16,21.27,38.94,3.36,32.71,18.93,31.15,43.07,35.82,55.53,35.04,64.09,36.6,39.96,28.81,63.32,29.59,28.28,57.62,19.71,79.42,46.96,77.09,31.39,72.42,31.39,81.76
0,6,18.7,39.71,26.72,35.82,33.73,37.38,15.82,32.71,34.51,24.92,56.31,34.26,64.87,35.04,72.66,36.6,53.97,25.7,73.44,27.26,46.96,48.28,32.17,75.53,60.2,75.53,46.19,66.97,46.19,76.31
0,7,22.95,39.71,30.61,36.6,36.84,36.6,19.71,32.71,40.74,30.37,59.42,35.04,67.21,33.48,74.99,35.82,59.42,27.26,77.33,29.59,51.64,56.06,38.4,75.53,64.09,75.53,50.86,72.42,51.64,81.76
0,8,23.65,31.93,32.17,28.03,39.96,26.48,19.71,21.81,41.51,14.8,60.98,26.48,69.54,25.7,78.11,29.59,60.2,14.8,78.11,17.91,56.31,38.16,39.96,68.52,67.21,69.3,53.97,59.96,53.97,70.86
0,9,25.78,43.25,36.84,42.83,46.19,43.61,22.05,38.94,46.19,36.6,67.99,42.83,75.77,40.49,84.34,40.49,69.54,37.38,85.9,36.6,64.87,67.74,41.51,82.54,71.1,81.76,57.87,80.2,57.09,89.55
1,0,25.07,46.08,30.61,44.39,36.84,42.83,20.49,40.49,39.96,33.48,57.87,41.27,63.32,40.49,70.32,42.05,51.64,32.71,71.88,33.48,48.52,53.73,38.4,75.53,62.54,73.19,49.3,68.52,50.86,79.42
1,1,27.9,43.25,35.29,42.05,41.51,42.05,60.98,42.83,67.21,42.83,72.66,44.39,25.16,34.26,43.85,32.71,57.09,33.48,73.44,35.82,53.19,54.51,37.62,75.53,63.32,76.31,50.86,70.86,50.86,78.64
1,2,24.36,46.08,31.39,42.83,37.62,43.61,20.49,36.6,39.96,33.48,58.64,42.83,65.65,42.05,69.54,43.61,51.64,34.26,71.88,33.48,47.74,55.29,38.4,77.09,59.42,76.31,47.74,73.19,46.96,82.54
1,3,30.73,41.84,36.06,39.71,41.51,40.49,25.16,32.71,45.41,31.15,62.54,41.27,68.77,40.49,72.66,42.83,58.64,31.93,76.55,35.04,53.97,52.95,36.84,74.75,62.54,76.31,51.64,67.74,50.86,80.2
1,4,25.78,43.96,30.61,41.27,36.06,40.49,19.71,35.04,37.62,30.37,58.64,38.94,63.32,39.71,71.1,42.05,51.64,29.59,70.32,30.37,48.52,49.84,36.84,74.75,60.98,73.19,48.52,66.97,49.3,80.98
1,5,30.73,43.25,36.06,42.83,41.51,43.61,28.28,35.04,48.52,34.26,64.09,45.94,70.32,46.72,75.77,47.5,61.76,36.6,79.67,41.27,55.53,56.84,39.18,74.75,64.09,78.64,52.42,70.86,51.64,80.98
1,6,24.36,46.79,29.84,44.39,35.29,44.39,22.05,37.38,39.18,35.82,57.09,43.61,63.32,42.83,69.54,43.61,52.42,35.04,72.66,35.04,47.74,57.62,34.51,77.87,62.54,77.09,48.52,73.19,49.3,83.32
1,7,25.78,46.08,31.39,44.39,36.84,43.61,21.27,37.38,39.96,34.26,58.64,42.83,64.87,43.61,71.1,45.16,53.19,35.04,74.99,36.6,49.3,56.84,36.84,76.31,59.42,77.09,48.52,71.64,48.52,84.1
1,8,30.73,39.71,36.06,38.94,42.29,40.49,26.72,31.15,46.96,31.93,64.09,42.83,69.54,42.83,73.44,44.39,60.98,33.48,76.55,36.6,55.53,52.17,39.96,71.64,60.2,75.53,51.64,67.74,48.52,82.54
1,9,22.95,47.5,28.28,45.16,34.51,44.39,16.6,39.71,36.84,35.04,54.75,42.83,62.54,43.61,68.77,45.16,53.19,35.04,73.44,37.38,46.19,57.62,32.95,77.87,58.64,77.09,46.19,72.42,46.19,84.1
2,0,25.07,46.79,33.73,45.94,40.74,45.94,22.83,40.49,43.07,38.16,61.76,48.28,67.99,47.5,73.44,49.06,64.09,38.94,79.67,40.49,53.19,64.63,34.51,75.53,61.76,77.09,50.86,77.87,50.86,83.32
2,1,31.84,45.15,42.03,45.93,47.52,45.93,31.84,39.66,53.01,38.09,68.69,45.15,76.53,46.72,82.8,46.72,69.47,38.88,84.37,40.44,63.98,63.96,42.03,75.72,71.82,75.72,58.5,76.51,57.71,82.78
2,2,31.84,45.15,41.25,45.93,46.74,45.15,27.92,38.09,48.3,36.52,67.12,45.15,75.74,45.15,79.66,46.72,65.55,38.09,82.02,38.09,61.63,62.4,45.17,80.43,67.9,79.64,59.28,77.29,59.28,84.35
2,3,12.24,42.01,19.3,45.15,26.35,44.36,9.89,34.96,27.92,35.74,47.52,45.93,52.22,47.5,63.2,49.07,46.74,37.31,67.12,40.44,30.27,63.18,20.08,76.51,45.95,80.43,31.84,77.29,31.06,82.78
2,4,9.1,43.58,15.38,45.15,23.22,43.58,6.75,35.74,20.86,33.39,42.03,42.8,48.3,45.93,58.5,45.93,42.82,34.96,61.63,37.31,26.35,60.83,17.73,74.94,45.17,78.86,29.49,76.51,29.49,82.0
2,5,18.51,46.72,25.57,47.5,34.98,49.07,16.16,40.44,38.11,42.01,55.36,49.07,61.63,50.64,70.26,49.85,56.14,42.01,74.96,42.01,45.17,66.32,27.14,77.29,57.71,82.0,42.82,79.64,42.82,82.0
2,6,16.94,46.72,23.22,45.15,29.49,47.5,12.24,40.44,30.27,42.01,48.3,49.85,56.93,47.5,63.98,51.42,49.09,42.01,69.47,44.36,34.98,68.67,20.86,73.37,52.22,78.86,35.76,78.86,35.76,82.0
2,7,16.94,46.72,23.22,46.72,30.27,49.07,13.02,41.23,31.84,41.23,49.87,49.07,56.93,49.07,64.77,49.85,50.66,40.44,70.26,42.01,37.33,68.67,24.0,74.16,55.36,77.29,38.11,78.08,38.11,81.21
2,8,25.57,47.5,33.41,44.36,39.68,45.93,20.08,40.44,41.25,38.88,60.06,45.93,67.12,44.36,75.74,46.72,60.85,37.31,78.88,39.66,53.01,65.53,38.11,79.64,63.98,79.64,50.66,79.64,50.66,85.13
2,9,28.7,45.93,35.76,42.8,42.82,44.36,22.43,38.88,44.38,36.52,63.2,43.58,69.47,42.01,76.53,44.36,61.63,34.96,82.02,35.74,57.71,63.96,40.46,78.08,66.34,78.08,56.14,77.29,55.36,84.35
3,0,20.08,45.15,26.35,43.58,31.84,45.15,16.16,36.52,34.19,34.96,53.79,46.72,60.85,45.15,67.12,46.72,54.58,35.74,72.61,38.09,43.6,58.48,26.35,79.64,56.14,81.21,41.25,76.51,40.46,85.13
3,1,30.27,43.58,36.54,42.01,42.03,44.36,25.57,34.96,45.95,33.39,64.77,43.58,70.26,42.8,75.74,44.36,63.98,34.17,79.66,35.74,56.93,56.91,37.33,78.86,68.69,80.43,53.79,74.94,53.01,84.35
3,2,16.94,42.8,22.43,42.01,28.7,42.8,12.24,34.96,27.92,32.6,49.87,45.15,56.93,45.15,63.2,44.36,46.74,34.17,70.26,35.74,35.76,56.12,21.65,77.29,49.87,80.43,35.76,74.94,34.98,84.35
3,3,26.35,45.15,32.62,43.58,38.9,45.15,24.0,36.52,39.68,36.52,59.28,45.15,67.12,42.8,73.39,44.36,60.06,37.31,71.82,33.39,52.22,60.04,35.76,79.64,63.98,80.43,50.66,76.51,51.44,86.7
3,4,31.06,45.15,41.25,45.15,47.52,45.15,32.62,37.31,46.74,36.52,66.34,44.36,75.74,44.36,81.23,43.58,66.34,38.09,81.23,33.39,63.2,59.26,42.82,80.43,73.39,80.43,60.06,75.72,60.06,84.35
3,5,12.24,42.8,17.73,42.8,25.57,44.36,9.1,36.52,25.57,34.96,45.95,44.36,52.22,45.15,63.98,45.15,45.17,34.96,58.5,34.96,27.92,60.04,19.3,78.08,49.87,82.0,31.06,76.51,31.06,85.92
3,6,24.78,44.36,31.06,43.58,37.33,44.36,23.22,37.31,38.11,38.09,58.5,37.31,71.82,35.74,58.5,44.36,63.98,43.58,71.04,45.15,47.52,62.4,31.84,78.08,60.85,81.21,45.95,77.29,45.95,85.92
3,7,18.51,42.8,24.0,42.01,28.7,43.58,15.38,34.17,29.49,32.6,50.66,44.36,60.06,44.36,67.12,45.93,49.87,33.39,67.12,34.17,38.11,59.26,22.43,78.86,55.36,80.43,36.54,74.94,36.54,83.56
3,8,28.7,44.36,34.98,45.93,42.82,44.36,28.7,33.39,44.38,34.96,62.42,34.96,76.53,34.96,61.63,45.93,67.9,46.72,75.74,46.72,53.79,60.04,34.19,80.43,65.55,82.0,51.44,77.29,50.66,87.48
3,9,38.11,45.15,46.74,45.15,53.01,45.15,42.03,38.09,55.36,36.52,71.04,45.15,78.88,43.58,83.58,44.36,71.04,38.88,85.94,34.96,74.18,60.83,49.87,80.43,78.1,78.86,68.69,74.94,68.69,84.35
4,0,10.67,48.28,17.73,48.28,22.43,47.5,8.32,44.36,22.43,42.01,43.6,48.28,52.22,49.07,60.85,49.07,42.82,42.01,62.42,43.58,31.06,64.75,20.08,75.72,50.66,75.72,32.62,74.16,33.41,81.21
4,1,21.65,49.85,29.49,48.28,36.54,49.07,17.73,45.15,36.54,41.23,56.93,49.07,63.98,48.28,71.82,50.64,55.36,42.8,74.96,45.93,48.3,65.53,31.06,74.94,61.63,75.72,47.52,73.37,47.52,81.21
4,2,27.14,51.42,34.19,49.07,41.25,50.64,23.22,45.93,42.82,42.01,62.42,49.85,67.9,49.07,77.31,49.85,62.42,42.01,80.45,43.58,56.93,64.75,36.54,78.08,68.69,74.16,53.79,74.16,54.58,82.0
4,3,9.89,49.85,17.73,48.28,22.43,48.28,6.75,44.36,20.86,42.8,42.82,49.07,51.44,47.5,57.71,49.07,38.9,42.01,60.85,42.8,30.27,63.96,21.65,74.16,51.44,73.37,34.19,72.59,35.76,80.43
4,4,8.32,52.2,15.38,49.85,21.65,50.64,5.97,47.5,17.73,44.36,42.82,52.2,49.87,49.85,57.71,50.64,37.33,43.58,58.5,45.15,26.35,67.1,17.73,75.72,49.09,76.51,30.27,76.51,32.62,82.78
4,5,11.46,49.85,18.51,48.28,24.78,49.85,7.54,44.36,22.43,43.58,44.38,49.85,52.22,49.85,60.06,52.2,42.82,44.36,60.85,46.72,31.06,66.32,19.3,75.72,50.66,76.51,32.62,75.72,34.19,82.78
4,6,7.54,49.07,15.38,46.72,20.86,46.72,4.4,43.58,16.16,40.44,39.68,48.28,47.52,46.72,56.14,48.28,35.76,41.23,56.93,42.8,24.0,64.75,18.51,75.72,49.09,74.16,29.49,73.37,30.27,81.21
4,7,18.51,53.77,24.78,52.2,31.06,53.77,14.59,49.85,31.84,48.28,51.44,53.77,59.28,53.77,67.9,55.34,51.44,49.07,70.26,51.42,40.46,74.16,24.78,78.08,57.71,78.86,40.46,81.21,40.46,84.35
4,8,18.51,52.99,25.57,50.64,31.06,52.2,15.38,48.28,29.49,45.93,52.22,52.2,58.5,50.64,66.34,52.2,49.87,47.5,68.69,48.28,40.46,70.24,27.92,78.86,56.93,77.29,41.25,78.86,42.03,85.92
4,9,16.16,49.85,24.0,45.93,31.06,47.5,13.02,42.8,30.27,37.31,50.66,45.93,57.71,44.36,67.9,47.5,51.44,35.74,68.69,40.44,40.46,59.26,28.7,75.72,56.93,73.37,42.82,71.02,42.82,78.08
5,0,27.14,50.64,34.98,49.07,42.03,49.07,26.35,43.58,42.82,42.01,61.63,51.42,67.9,49.85,74.96,50.64,60.06,42.8,77.31,42.8,53.79,66.32,38.9,77.29,63.98,78.08,53.01,74.94,53.01,82.0
5,1,25.57,51.42,32.62,51.42,38.9,51.42,27.14,43.58,39.68,45.15,58.5,51.42,63.98,51.42,72.61,52.2,57.71,45.15,71.82,44.36,49.87,67.88,32.62,76.51,63.98,75.72,49.09,77.29,49.09,83.56
5,2,24.78,49.07,32.62,47.5,38.11,47.5,23.22,40.44,41.25,40.44,60.06,47.5,64.77,47.5,72.61,49.07,56.14,39.66,73.39,39.66,50.66,63.96,34.98,76.51,63.2,77.29,49.87,73.37,49.87,81.21
5,3,21.65,54.56,28.7,54.56,34.98,54.56,18.51,45.15,34.19,46.72,54.58,55.34,61.63,54.56,68.69,56.12,54.58,47.5,71.04,46.72,45.17,74.16,30.27,83.56,59.28,83.56,44.38,81.21,44.38,89.05
5,4,18.51,50.64,25.57,50.64,30.27,51.42,16.16,42.01,33.41,43.58,53.01,50.64,58.5,49.85,64.77,49.07,49.87,42.01,64.77,42.01,38.9,68.67,27.92,79.64,54.58,78.86,40.46,78.08,40.46,83.56
5,5,24.78,51.42,31.06,50.64,36.54,50.64,21.65,42.01,35.76,42.8,56.93,51.42,62.42,51.42,69.47,52.2,55.36,44.36,69.47,42.8,47.52,68.67,32.62,79.64,59.28,79.64,46.74,78.08,46.74,85.13
5,6,17.73,52.2,25.57,51.42,30.27,52.2,16.16,43.58,29.49,43.58,49.09,53.77,56.14,52.2,62.42,53.77,46.74,43.58,63.2,44.36,35.76,69.45,26.35,80.43,51.44,80.43,38.9,79.64,38.9,85.92
5,7,31.06,53.77,37.33,52.99,44.38,53.77,28.7,45.15,45.95,45.15,65.55,52.99,69.47,52.2,75.74,53.77,65.55,45.15,82.02,45.93,59.28,70.24,42.03,82.0,71.04,80.43,57.71,79.64,57.71,86.7
5,8,9.89,52.99,18.51,52.99,21.65,52.99,8.32,45.15,21.65,45.93,42.82,55.34,49.87,54.56,54.58,55.34,40.46,45.93,56.14,47.5,25.57,71.8,16.94,80.43,43.6,82.78,27.92,80.43,27.14,86.7
5,9,20.86,52.99,27.92,52.99,34.19,52.99,17.73,43.58,35.76,45.15,54.58,54.56,60.85,53.77,67.9,54.56,53.79,45.93,69.47,45.93,43.6,71.8,29.49,80.43,59.28,82.0,43.6,80.43,43.6,86.7
6,0,25.57,48.28,34.19,45.93,38.9,45.93,22.43,40.44,42.03,37.31,61.63,45.15,67.12,45.93,73.39,46.72,55.36,38.09,78.1,40.44,50.66,56.91,35.76,71.8,64.77,71.02,49.87,70.24,49.87,74.94
6,1,24.0,42.8,31.06,42.01,38.11,42.01,20.86,39.66,38.9,34.96,57.71,42.01,64.77,41.23,72.61,42.8,53.01,34.17,77.31,38.09,48.3,53.77,33.41,69.45,64.77,68.67,48.3,66.32,48.3,79.64
6,2,24.78,45.15,29.49,43.58,39.68,44.36,20.86,41.23,40.46,37.31,56.14,44.36,63.2,42.8,72.61,45.93,53.01,36.52,76.53,41.23,49.09,56.91,34.19,73.37,63.98,71.8,47.52,71.02,47.52,79.64
6,3,25.57,48.28,31.84,45.93,40.46,47.5,21.65,39.66,35.76,38.88,60.06,46.72,66.34,45.15,72.61,46.72,55.36,38.09,72.61,36.52,51.44,60.83,36.54,73.37,65.55,72.59,51.44,73.37,51.44,77.29
6,4,27.92,46.72,33.41,44.36,39.68,44.36,23.22,39.66,37.33,35.74,59.28,45.15,66.34,44.36,74.96,45.15,56.14,35.74,74.96,38.09,51.44,56.91,38.9,74.16,65.55,72.59,52.22,71.02,53.01,74.94
6,5,24.78,44.36,29.49,41.23,38.11,42.8,20.08,39.66,39.68,35.74,55.36,42.01,60.85,40.44,69.47,42.8,51.44,34.96,74.18,38.88,48.3,55.34,34.19,71.8,60.85,70.24,47.52,67.88,48.3,80.43
6,6,24.78,48.28,33.41,45.15,38.9,45.93,20.08,42.8,41.25,37.31,57.71,46.72,67.12,45.15,71.82,47.5,52.22,38.09,75.74,42.8,48.3,57.69,35.76,74.94,60.85,74.94,47.52,72.59,47.52,77.29
6,7,26.35,49.07,31.84,48.28,37.33,48.28,20.86,43.58,40.46,40.44,56.14,47.5,62.42,47.5,70.26,49.07,53.01,39.66,72.61,42.8,48.3,58.48,35.76,76.51,58.5,75.72,47.52,74.16,47.52,77.29
6,8,26.35,46.72,30.27,42.01,39.68,45.15,21.65,40.44,42.03,35.74,56.14,42.8,61.63,41.23,71.04,44.36,53.79,34.96,76.53,41.23,49.09,54.56,35.76,71.8,60.85,71.02,48.3,70.24,48.3,74.16
6,9,26.35,44.36,32.62,42.8,39.68,43.58,21.65,38.88,39.68,34.17,58.5,42.8,64.77,42.8,72.61,43.58,53.79,32.6,75.74,37.31,49.09,56.12,34.19,70.24,65.55,69.45,49.09,68.67,49.87,80.43
7,0,18.51,38.88,27.92,39.66,34.98,41.23,13.81,30.25,38.11,30.25,56.14,42.01,65.55,42.01,74.18,44.36,53.79,31.04,69.47,30.25,40.46,56.91,27.14,74.94,57.71,77.29,40.46,71.02,40.46,82.78
7,1,19.3,38.88,28.7,38.88,36.54,39.66,14.59,32.6,38.9,30.25,56.14,42.01,64.77,39.66,74.18,43.58,56.14,31.04,70.26,28.68,45.17,56.91,28.7,73.37,56.93,76.51,42.82,71.02,42.03,81.21
7,2,22.43,42.8,31.06,43.58,38.9,42.8,16.94,33.39,42.03,33.39,59.28,44.36,67.12,45.93,75.74,47.5,59.28,34.17,82.8,42.8,48.3,59.26,30.27,73.37,60.06,77.29,45.17,71.8,45.17,83.56
7,3,28.7,39.66,38.9,39.66,44.38,39.66,22.43,31.04,50.66,30.25,67.12,42.8,76.53,42.01,80.45,44.36,67.9,31.82,82.02,32.6,61.63,60.04,38.9,74.94,67.12,78.08,56.93,71.02,55.36,83.56
7,4,18.51,41.23,28.7,39.66,37.33,41.23,14.59,31.82,41.25,29.47,59.28,42.8,67.9,42.8,77.31,45.93,60.06,33.39,82.8,41.23,47.52,56.91,27.14,73.37,57.71,75.72,45.95,71.02,44.38,82.0
7,5,22.43,38.88,31.06,38.09,39.68,40.44,17.73,31.82,43.6,30.25,58.5,42.01,67.12,41.23,74.96,45.15,59.28,31.04,81.23,38.88,49.09,56.12,29.49,72.59,60.06,75.72,45.17,71.02,44.38,84.35
7,6,23.22,42.01,31.84,44.36,39.68,41.23,17.73,32.6,45.17,31.82,61.63,43.58,70.26,45.15,76.53,45.15,60.06,32.6,74.18,31.82,51.44,58.48,31.84,75.72,60.06,78.86,48.3,72.59,47.52,83.56
7,7,19.3,42.01,30.27,39.66,37.33,42.01,13.81,34.96,41.25,31.82,60.06,45.15,67.9,43.58,77.31,47.5,57.71,34.96,84.37,42.01,47.52,60.83,27.92,74.94,58.5,78.08,44.38,72.59,43.6,80.43
7,8,18.51,37.31,22.43,37.31,32.62,39.66,13.02,31.82,35.76,29.47,52.22,41.23,56.93,42.01,67.9,44.36,52.22,32.6,76.53,40.44,37.33,58.48,23.22,74.16,49.09,79.64,35.76,72.59,34.19,82.78
7,9,25.57,42.8,37.33,42.01,43.6,42.8,19.3,34.96,46.74,31.82,67.9,43.58,74.96,44.36,80.45,44.36,65.55,34.96,85.94,35.74,58.5,60.04,36.54,76.51,65.55,77.29,54.58,73.37,53.01,82.0
8,0,26.35,53.77,34.19,52.2,42.03,54.56,19.3,49.85,41.25,49.07,61.63,53.77,68.69,51.42,77.31,51.42,60.85,49.07,80.45,46.72,55.36,74.16,36.54,82.78,67.9,82.0,53.79,83.56,53.79,89.84
8,1,24.78,49.85,34.19,49.07,42.82,51.42,20.86,46.72,45.95,45.93,60.85,50.64,68.69,49.85,78.1,49.85,62.42,45.93,82.02,45.93,56.93,70.24,35.76,81.21,67.9,78.86,53.79,81.21,53.79,88.27
8,2,26.35,53.77,36.54,51.42,44.38,52.99,20.86,49.07,44.38,47.5,63.98,51.42,71.04,49.07,79.66,49.07,62.42,46.72,84.37,45.15,57.71,71.02,38.11,81.21,72.61,78.08,56.14,81.21,56.14,89.84
8,3,21.65,51.42,30.27,49.85,37.33,51.42,14.59,47.5,37.33,46.72,56.14,52.2,62.42,49.07,71.82,48.28,54.58,45.15,77.31,45.93,47.52,71.02,34.19,82.78,63.2,79.64,48.3,81.21,49.09,89.84
8,4,28.7,55.34,37.33,52.2,45.17,53.77,20.86,49.85,44.38,47.5,63.2,50.64,69.47,48.28,78.1,49.07,61.63,45.15,82.02,42.8,58.5,73.37,44.38,83.56,72.61,78.86,58.5,80.43,58.5,89.84
8,5,12.24,50.64,21.65,49.85,28.7,52.2,6.75,45.15,29.49,48.28,47.52,52.99,55.36,50.64,63.98,51.42,44.38,46.72,70.26,48.28,31.84,71.8,20.86,81.21,52.22,81.21,34.98,81.21,34.98,90.62
8,6,12.24,48.28,20.08,47.5,25.57,50.64,7.54,41.23,26.35,45.15,45.17,52.99,52.22,49.85,60.06,52.2,41.25,45.15,67.12,49.07,27.14,71.02,16.94,79.64,46.74,80.43,30.27,78.86,30.27,89.84
8,7,17.73,49.85,27.14,48.28,33.41,50.64,13.02,45.15,36.54,45.93,53.79,49.85,60.85,48.28,70.26,49.07,51.44,42.8,76.53,45.15,42.82,67.88,28.7,81.21,59.28,79.64,44.38,79.64,44.38,89.05
8,8,20.86,51.42,30.27,50.64,39.68,53.77,14.59,47.5,37.33,46.72,56.93,52.99,65.55,50.64,74.18,52.2,56.93,47.5,80.45,47.5,49.09,71.8,33.41,82.78,63.2,80.43,49.09,82.0,49.09,89.84
8,9,31.06,52.2,38.9,49.07,47.52,51.42,22.43,48.28,48.3,44.36,67.12,47.5,72.61,44.36,81.23,44.36,65.55,42.01,85.15,39.66,65.55,65.53,47.52,81.21,77.31,76.51,64.77,76.51,65.55,87.48
9,0,18.51,56.91,26.35,55.34,32.62,56.91,13.02,51.42,34.98,49.85,51.44,56.91,57.71,56.91,65.55,58.48,50.66,50.64,72.61,54.56,39.68,77.29,25.57,85.13,53.01,86.7,39.68,85.92,39.68,92.97
9,1,23.22,55.34,31.84,52.99,38.9,55.34,16.16,49.07,41.25,48.28,57.71,56.91,64.77,54.56,72.61,56.91,57.71,48.28,78.88,52.99,48.3,75.72,30.27,84.35,60.85,85.13,45.95,85.92,45.17,93.76
9,2,29.49,54.56,38.9,53.77,44.38,54.56,20.08,52.2,46.74,48.28,64.77,56.12,73.39,54.56,80.45,56.91,64.77,48.28,84.37,50.64,59.28,76.51,37.33,84.35,68.69,85.13,55.36,85.13,53.79,93.76
9,3,30.27,55.34,41.25,52.99,46.74,54.56,21.65,50.64,51.44,46.72,66.34,54.56,74.18,52.99,80.45,53.77,66.34,47.5,83.58,46.72,63.98,74.94,39.68,83.56,69.47,83.56,58.5,83.56,56.93,93.76
9,4,17.73,54.56,27.92,52.2,34.98,55.34,9.89,50.64,37.33,48.28,56.93,54.56,63.98,52.2,73.39,54.56,54.58,46.72,80.45,50.64,45.95,74.94,27.14,83.56,60.85,84.35,45.95,85.13,45.95,94.54
9,5,24.78,57.69,34.98,55.34,41.25,57.69,16.94,53.77,42.82,50.64,63.2,57.69,71.04,55.34,78.1,57.69,61.63,49.07,84.37,52.99,53.79,76.51,34.19,85.13,67.9,85.13,53.01,86.7,53.01,95.32
9,6,31.06,59.26,38.9,56.91,45.95,59.26,24.0,53.77,48.3,51.42,65.55,58.48,71.04,56.91,79.66,57.69,66.34,51.42,83.58,51.42,62.42,78.86,41.25,88.27,69.47,86.7,57.71,89.05,57.71,94.54
9,7,21.65,56.12,30.27,54.56,38.11,57.69,14.59,52.2,38.9,49.85,58.5,57.69,63.98,56.12,72.61,56.91,57.71,49.85,78.88,52.99,47.52,78.08,30.27,87.48,61.63,86.7,45.95,89.05,45.17,94.54
9,8,10.67,52.2,19.3,52.2,24.0,53.77,7.54,43.58,23.22,47.5,42.82,57.69,51.44,55.34,57.71,56.91,42.03,48.28,66.34,53.77,22.43,76.51,17.73,83.56,45.95,86.7,28.7,85.92,27.92,94.54
9,9,24.0,47.5,31.06,43.58,38.11,45.15,16.16,42.8,40.46,36.52,59.28,46.72,64.77,45.15,74.18,47.5,58.5,37.31,80.45,43.58,49.09,60.83,31.84,77.29,61.63,78.08,47.52,74.16,47.52,85.13
10,0,22.43,44.36,29.49,41.23,38.11,41.23,17.73,40.44,38.11,32.6,53.79,41.23,62.42,40.44,71.04,42.8,52.22,33.39,74.96,38.09,42.82,54.56,32.62,73.37,57.71,72.59,44.38,67.1,44.38,80.43
10,1,16.94,48.28,23.22,42.8,30.27,42.8,11.46,45.93,29.49,34.96,46.74,40.44,55.36,38.88,63.98,41.23,45.17,31.82,67.9,34.96,37.33,57.69,31.84,78.86,56.14,74.94,42.03,71.8,44.38,83.56
10,2,19.3,45.15,27.14,40.44,34.98,40.44,14.59,41.23,35.76,33.39,52.22,41.23,60.85,38.09,67.9,41.23,49.87,32.6,72.61,35.74,40.46,56.12,31.06,75.72,57.71,74.94,42.82,70.24,43.6,82.78
10,3,23.22,39.66,29.49,36.52,38.11,34.96,16.94,36.52,38.11,26.33,54.58,34.96,62.42,34.96,71.82,36.52,54.58,24.76,75.74,29.47,46.74,51.42,34.19,72.59,60.06,69.45,48.3,65.53,48.3,80.43
10,4,24.0,38.09,32.62,31.04,38.9,33.39,16.94,35.74,38.9,23.98,55.36,32.6,65.55,29.47,72.61,34.17,55.36,23.98,78.1,29.47,47.52,49.07,38.11,71.02,60.85,69.45,49.09,64.75,49.87,75.72
10,5,19.3,47.5,27.14,43.58,33.41,43.58,13.81,42.8,33.41,35.74,50.66,43.58,58.5,41.23,67.12,44.36,49.09,34.96,71.82,39.66,39.68,59.26,31.84,79.64,55.36,78.86,42.82,76.51,42.82,78.86
10,6,27.92,40.44,34.98,38.09,42.03,39.66,23.22,38.88,44.38,31.82,60.06,42.01,67.12,41.23,74.96,45.15,60.85,32.6,79.66,42.01,48.3,56.12,33.41,79.64,60.06,80.43,47.52,71.8,47.52,78.86
10,7,30.27,38.88,40.46,35.74,45.95,38.09,26.35,34.96,49.09,29.47,62.42,41.23,71.04,41.23,79.66,47.5,63.98,33.39,83.58,42.8,53.01,56.12,33.41,79.64,60.06,82.78,50.66,71.02,49.87,78.86
10,8,24.78,40.44,31.84,39.66,39.68,38.09,20.08,34.96,41.25,30.25,56.93,38.88,65.55,40.44,71.82,44.36,56.14,31.82,77.31,38.09,45.95,56.12,31.84,73.37,56.14,74.94,44.38,68.67,43.6,79.64
10,9,25.57,42.8,32.62,39.66,39.68,40.44,20.86,38.88,42.03,33.39,56.14,42.8,63.2,41.23,71.82,46.72,55.36,34.96,75.74,42.01,44.38,56.12,31.84,74.94,55.36,77.29,44.38,71.02,43.6,82.0
11,0,21.65,45.93,27.92,45.15,36.54,46.72,13.02,41.23,38.11,38.88,56.93,45.93,64.77,44.36,71.82,45.93,55.36,38.88,78.88,41.23,49.09,65.53,32.62,78.86,59.28,79.64,47.52,79.64,47.52,89.05
11,1,20.86,49.07,27.92,47.5,34.98,49.07,14.59,45.15,35.76,41.23,56.93,46.72,64.77,45.15,71.82,47.5,54.58,40.44,77.31,40.44,48.3,68.67,31.84,78.86,63.98,78.86,48.3,77.29,48.3,90.62
11,2,15.38,47.5,24.0,45.93,31.06,46.72,9.89,43.58,31.06,39.66,51.44,46.72,60.06,45.15,65.55,45.93,47.52,40.44,72.61,42.01,40.46,68.67,28.7,81.21,56.14,80.43,42.03,80.43,42.03,89.84
11,3,23.22,46.72,30.27,45.15,37.33,47.5,18.51,40.44,39.68,40.44,58.5,49.07,64.77,47.5,71.82,49.07,56.93,42.01,76.53,45.15,49.09,68.67,30.27,78.86,58.5,82.0,45.17,79.64,43.6,89.05
11,4,20.86,50.64,29.49,49.07,37.33,49.85,15.38,46.72,38.9,42.8,58.5,49.85,66.34,48.28,74.18,49.85,56.14,42.8,78.88,44.36,50.66,71.8,33.41,81.21,65.55,81.21,50.66,80.43,50.66,93.76
11,5,21.65,49.85,28.7,46.72,35.76,47.5,13.02,45.93,36.54,40.44,55.36,45.15,63.2,42.8,71.04,42.01,52.22,38.09,75.74,38.09,49.09,66.32,37.33,78.86,64.77,76.51,51.44,77.29,52.22,88.27
11,6,24.78,48.28,31.84,47.5,38.9,46.72,19.3,45.15,40.46,42.01,59.28,47.5,66.34,45.93,73.39,47.5,56.14,40.44,79.66,43.58,52.22,67.88,34.98,77.29,66.34,77.29,51.44,76.51,51.44,91.4
11,7,22.43,47.5,30.27,44.36,38.9,48.28,15.38,42.8,43.6,41.23,60.06,48.28,67.9,45.93,77.31,49.07,58.5,43.58,82.8,45.93,53.01,68.67,31.84,78.08,62.42,79.64,49.87,78.08,46.74,90.62
11,8,24.0,50.64,31.06,48.28,40.46,49.85,17.73,45.93,42.03,42.8,58.5,48.28,66.34,46.72,73.39,49.07,56.93,43.58,78.88,44.36,54.58,70.24,35.76,81.21,63.98,79.64,51.44,80.43,51.44,88.27
11,9,23.22,51.42,30.27,47.5,40.46,50.64,16.16,46.72,41.25,43.58,59.28,49.07,66.34,46.72,73.39,48.28,57.71,42.8,78.1,44.36,52.22,71.02,32.62,75.72,64.77,76.51,50.66,76.51,50.66,88.27
12,0,16.16,45.15,24.78,42.8,32.62,44.36,11.46,36.52,30.27,35.74,50.66,45.15,58.5,45.93,67.12,48.28,51.44,37.31,71.04,39.66,39.68,67.88,24.0,78.86,55.36,80.43,39.68,79.64,39.68,86.7
12,1,20.08,42.8,26.35,42.01,33.41,43.58,15.38,34.17,34.19,36.52,50.66,46.72,60.06,46.72,68.69,50.64,53.01,38.88,71.04,42.01,42.03,70.24,23.22,78.86,54.58,81.21,40.46,79.64,40.46,88.27
12,2,9.89,43.58,18.51,41.23,24.78,41.23,6.75,39.66,23.22,34.17,45.95,40.44,52.22,37.31,61.63,38.88,42.82,31.82,63.2,32.6,35.76,61.61,22.43,79.64,53.79,75.72,37.33,75.72,37.33,78.86
12,3,11.46,46.72,19.3,43.58,26.35,43.58,7.54,40.44,24.78,37.31,46.74,42.01,53.01,39.66,63.2,41.23,43.6,34.17,61.63,33.39,35.76,66.32,23.22,78.08,60.85,74.16,40.46,77.29,40.46,79.64
12,4,20.86,44.36,27.92,41.23,34.98,44.36,16.94,33.39,33.41,34.17,54.58,43.58,61.63,42.8,67.9,44.36,55.36,34.96,71.04,35.74,45.95,65.53,30.27,77.29,58.5,78.86,43.6,77.29,43.6,79.64
12,5,33.41,45.15,42.03,42.8,46.74,43.58,28.7,34.96,49.87,34.96,67.9,45.15,72.61,44.36,79.66,46.72,71.04,36.52,82.02,36.52,67.12,66.32,42.03,78.86,71.04,77.29,60.06,77.29,60.06,82.0
12,6,10.67,43.58,16.94,41.23,25.57,44.36,9.89,33.39,22.43,34.17,45.95,44.36,51.44,44.36,60.06,45.93,48.3,34.96,66.34,38.09,28.7,66.32,20.08,78.08,48.3,78.86,32.62,78.08,32.62,79.64
12,7,13.02,43.58,20.08,42.8,25.57,42.8,8.32,33.39,23.22,34.96,49.09,45.15,55.36,45.15,63.2,46.72,49.09,37.31,66.34,39.66,31.84,67.1,21.65,77.29,51.44,78.86,35.76,78.08,35.76,82.0
12,8,22.43,45.93,31.84,44.36,39.68,45.93,20.86,37.31,40.46,36.52,60.06,46.72,67.12,45.93,74.96,46.72,62.42,36.52,80.45,38.88,53.79,68.67,32.62,76.51,68.69,76.51,52.22,78.86,52.22,81.21
12,9,18.51,43.58,25.57,42.01,34.19,42.8,16.16,34.96,33.41,34.96,53.01,45.15,60.06,44.36,67.12,46.72,51.44,35.74,72.61,38.09,42.03,67.1,25.57,75.72,58.5,76.51,41.25,77.29,41.25,82.0
13,0,23.22,33.39,30.27,29.47,38.9,31.04,20.08,24.76,38.11,22.41,54.58,31.82,63.2,28.68,71.04,31.82,53.01,22.41,67.9,22.41,45.95,52.2,33.41,66.32,62.42,66.32,45.95,63.18,46.74,74.16
13,1,27.92,31.04,34.19,28.68,43.6,31.04,27.92,22.41,44.38,20.84,60.85,31.82,67.9,28.68,75.74,31.04,60.85,23.98,75.74,22.41,52.22,49.07,40.46,63.96,64.77,65.53,51.44,61.61,52.22,70.24
13,2,27.92,32.6,34.98,28.68,45.17,30.25,29.49,23.2,45.17,23.2,61.63,31.82,69.47,27.9,78.1,31.04,61.63,23.2,74.18,22.41,53.01,49.07,39.68,64.75,65.55,65.53,52.22,60.83,53.01,70.24
13,3,19.3,35.74,24.78,29.47,35.76,33.39,22.43,20.84,35.76,23.98,50.66,31.04,58.5,27.9,67.9,31.04,49.87,23.2,63.98,21.63,41.25,49.85,29.49,67.88,59.28,67.1,43.6,62.4,43.6,67.88
13,4,17.73,32.6,24.78,29.47,32.62,29.47,20.08,22.41,32.62,23.2,49.09,31.04,58.5,28.68,66.34,29.47,49.09,23.98,60.85,22.41,41.25,49.07,30.27,67.1,57.71,65.53,42.03,63.18,42.03,73.37
13,5,27.92,37.31,35.76,33.39,44.38,36.52,31.06,27.12,46.74,28.68,61.63,37.31,69.47,34.17,77.31,35.74,60.85,28.68,74.18,29.47,54.58,54.56,40.46,71.02,63.98,71.8,52.22,66.32,52.22,76.51
13,6,20.86,38.09,25.57,33.39,34.19,36.52,20.86,28.68,34.19,29.47,49.87,36.52,57.71,32.6,67.12,35.74,48.3,28.68,62.42,26.33,41.25,54.56,31.84,72.59,56.14,71.02,42.82,68.67,42.82,78.08
13,7,17.73,38.88,24.78,34.96,33.41,36.52,16.94,30.25,33.41,29.47,47.52,36.52,56.93,33.39,66.34,36.52,47.52,27.9,63.98,28.68,38.11,53.77,30.27,69.45,53.79,70.24,40.46,66.32,40.46,79.64
13,8,31.84,38.88,37.33,37.31,42.82,38.88,31.84,30.25,47.52,31.04,60.06,38.88,67.12,38.09,73.39,39.66,60.85,31.82,71.04,31.04,54.58,56.91,42.03,71.02,63.98,71.8,53.79,67.1,53.79,72.59
13,9,29.49,37.31,33.41,33.39,41.25,34.96,29.49,27.12,42.03,27.12,57.71,34.96,64.77,32.6,71.04,34.96,56.14,27.12,67.12,25.55,49.87,52.2,37.33,67.1,63.98,68.67,49.87,63.96,49.87,67.88
14,0,27.14,35.74,36.54,33.39,42.82,34.96,23.22,31.04,43.6,26.33,61.63,37.31,67.9,36.52,78.88,42.01,62.42,28.68,80.45,36.52,51.44,49.07,35.76,71.8,65.55,73.37,50.66,63.96,49.09,77.29
14,1,19.3,45.93,29.49,42.8,35.76,42.8,17.73,41.23,35.76,35.74,53.79,44.36,59.28,44.36,67.12,46.72,53.79,38.09,72.61,44.36,43.6,61.61,31.06,77.29,57.71,76.51,44.38,74.16,44.38,81.21
14,2,23.22,36.52,35.76,34.17,40.46,34.17,23.22,30.25,41.25,27.12,60.06,38.09,67.12,38.09,75.74,42.01,62.42,30.25,79.66,38.09,49.87,52.2,34.19,70.24,60.85,72.59,47.52,67.1,46.74,77.29
14,3,27.14,35.74,37.33,34.17,43.6,34.96,24.78,29.47,44.38,26.33,60.85,39.66,67.9,40.44,77.31,43.58,63.2,31.82,81.23,38.88,51.44,52.2,32.62,70.24,61.63,75.72,48.3,67.1,47.52,75.72
14,4,19.3,43.58,27.14,41.23,34.19,41.23,14.59,39.66,31.84,33.39,51.44,42.8,60.06,42.8,69.47,45.93,52.22,35.74,73.39,42.01,42.82,60.83,30.27,77.29,54.58,78.08,42.82,72.59,42.82,85.13
14,5,24.0,33.39,32.62,31.82,40.46,31.82,23.22,26.33,42.03,23.2,58.5,35.74,66.34,34.96,75.74,38.88,60.85,26.33,78.88,32.6,49.09,48.28,32.62,70.24,60.85,71.02,47.52,63.96,45.95,74.16
14,6,23.22,42.01,30.27,38.88,38.9,42.01,19.3,35.74,38.11,34.17,54.58,43.58,60.85,43.58,70.26,47.5,56.93,36.52,75.74,44.36,45.95,60.04,31.06,74.94,55.36,77.29,45.17,71.02,43.6,82.78
14,7,23.22,42.8,30.27,39.66,38.11,40.44,20.08,34.96,36.54,33.39,57.71,41.23,63.98,41.23,72.61,43.58,58.5,34.96,73.39,38.09,47.52,58.48,31.84,75.72,60.85,78.08,47.52,72.59,47.52,82.78
14,8,22.43,38.88,31.06,37.31,37.33,38.09,18.51,34.96,36.54,30.25,54.58,40.44,60.85,39.66,70.26,44.36,57.71,34.96,74.96,41.23,45.95,57.69,31.84,74.16,56.93,74.94,45.17,71.02,45.95,85.13
14,9,23.22,43.58,31.84,40.44,38.9,42.8,19.3,39.66,37.33,36.52,56.14,45.93,63.2,44.36,71.82,47.5,56.14,38.88,75.74,45.15,46.74,61.61,31.84,77.29,60.85,78.08,45.95,75.72,45.17,82.0
15,0,25.57,38.09,31.84,35.74,38.11,37.31,17.73,33.39,40.46,27.12,58.5,38.09,64.77,37.31,72.61,39.66,58.5,27.12,78.88,36.52,49.09,52.99,31.84,71.8,59.28,70.24,46.74,64.75,46.74,78.08
15,1,24.78,43.58,33.41,42.01,39.68,41.23,20.08,35.74,42.82,34.96,58.5,42.8,65.55,42.01,72.61,43.58,57.71,34.17,78.88,40.44,49.09,60.04,34.98,75.72,60.85,74.94,49.09,71.02,48.3,82.78
15,2,24.0,43.58,31.06,42.8,38.9,44.36,18.51,37.31,39.68,38.88,57.71,45.93,63.98,45.15,71.04,45.15,56.14,37.31,78.1,42.01,45.17,67.88,33.41,79.64,59.28,78.86,45.95,77.29,45.95,87.48
15,3,24.78,39.66,33.41,36.52,38.9,38.88,19.3,31.04,43.6,29.47,60.06,38.88,67.9,37.31,75.74,39.66,60.85,28.68,80.45,34.17,52.22,56.91,33.41,71.02,63.98,70.24,49.09,67.88,49.09,80.43
15,4,26.35,38.09,32.62,35.74,42.82,36.52,20.86,31.04,43.6,28.68,61.63,38.09,67.12,37.31,75.74,39.66,58.5,29.47,79.66,34.17,52.22,55.34,34.98,71.8,64.77,70.24,51.44,65.53,51.44,82.78
15,5,25.57,40.44,32.62,38.88,38.9,41.23,17.73,34.96,40.46,31.04,58.5,39.66,65.55,37.31,75.74,41.23,59.28,29.47,79.66,34.96,50.66,57.69,36.54,75.72,65.55,73.37,51.44,71.02,51.44,78.86
15,6,32.62,44.36,40.46,42.01,49.09,42.8,27.92,35.74,53.79,34.17,68.69,42.8,76.53,43.58,83.58,45.15,70.26,36.52,88.29,39.66,66.34,63.96,43.6,80.43,70.26,78.08,60.85,74.94,60.06,87.48
15,7,13.02,40.44,21.65,38.09,27.14,38.09,9.89,31.82,27.92,32.6,45.17,42.01,55.36,41.23,63.98,45.15,45.17,31.82,69.47,39.66,31.06,57.69,19.3,75.72,44.38,74.94,31.06,71.02,31.06,79.64
15,8,21.65,36.52,28.7,33.39,36.54,34.96,16.94,30.25,38.11,25.55,56.14,34.96,63.98,34.17,71.82,38.88,56.14,25.55,78.1,31.82,48.3,46.72,31.06,71.02,58.5,70.24,45.95,63.18,45.95,74.94
15,9,23.22,46.72,30.27,45.93,38.11,48.28,18.51,41.23,39.68,40.44,56.14,48.28,63.98,47.5,71.04,49.85,56.93,42.01,76.53,43.58,45.95,69.45,31.84,82.0,57.71,81.21,45.17,78.86,45.17,88.27
16,0,24.78,43.58,31.84,41.23,39.68,43.58,14.59,32.6,38.9,31.82,64.77,44.36,71.04,42.01,78.1,43.58,64.77,31.04,83.58,31.04,53.79,62.4,33.41,73.37,66.34,74.16,52.22,74.16,52.22,85.13
16,1,26.35,45.93,34.98,44.36,41.25,45.15,22.43,33.39,42.82,34.17,65.55,46.72,74.96,45.15,80.45,46.72,67.9,32.6,82.8,33.39,55.36,65.53,34.19,76.51,68.69,78.08,53.79,76.51,53.01,87.48
16,2,22.43,49.85,31.06,48.28,39.68,48.28,16.16,44.36,39.68,39.66,58.5,47.5,67.9,48.28,75.74,48.28,56.14,39.66,82.8,41.23,48.3,67.1,31.84,78.08,67.12,78.08,49.87,78.86,49.87,86.7
16,3,22.43,50.64,32.62,49.07,38.11,49.85,16.16,43.58,39.68,42.01,60.06,49.85,69.47,49.07,74.96,49.07,56.93,39.66,81.23,44.36,48.3,69.45,31.84,79.64,64.77,78.08,49.87,78.86,49.87,88.27
16,4,24.78,44.36,34.19,42.01,42.82,44.36,20.08,33.39,42.03,32.6,64.77,43.58,70.26,43.58,79.66,44.36,63.98,31.04,84.37,32.6,55.36,64.75,35.76,74.94,65.55,76.51,53.79,76.51,53.79,82.0
16,5,15.38,53.77,21.65,51.42,27.92,51.42,10.67,42.8,25.57,41.23,49.09,50.64,57.71,47.5,62.42,49.07,47.52,39.66,63.2,38.09,35.76,70.24,25.57,83.56,53.79,82.78,37.33,82.0,38.11,88.27
16,6,13.02,49.85,20.08,49.07,24.0,49.85,7.54,39.66,21.65,39.66,49.09,48.28,56.14,46.72,62.42,45.93,44.38,35.74,60.85,35.74,31.84,68.67,23.22,82.78,53.01,81.21,34.98,80.43,37.33,89.84
16,7,20.08,53.77,28.7,50.64,34.98,51.42,14.59,42.8,32.62,40.44,59.28,49.07,66.34,48.28,71.82,48.28,55.36,38.88,71.04,38.88,45.95,71.8,33.41,85.13,60.06,82.78,45.95,82.0,46.74,89.84
16,8,15.38,52.2,21.65,50.64,27.92,50.64,7.54,42.8,23.22,40.44,54.58,49.85,61.63,48.28,67.12,48.28,49.87,38.09,67.12,36.52,38.11,69.45,27.14,81.21,57.71,80.43,40.46,80.43,41.25,88.27
16,9,10.67,50.64,14.59,50.64,20.08,49.85,7.54,40.44,16.94,40.44,45.17,47.5,50.66,47.5,57.71,48.28,41.25,38.09,56.93,36.52,27.92,69.45,21.65,82.0,47.52,81.21,31.06,80.43,32.62,87.48
17,0,33.41,43.58,39.68,42.8,49.87,42.8,29.49,34.96,52.22,36.52,69.47,44.36,74.96,42.8,81.23,44.36,69.47,38.09,85.15,37.31,63.98,60.83,45.95,77.29,72.61,77.29,62.42,73.37,62.42,82.0
17,1,31.84,45.93,38.11,44.36,44.38,44.36,33.41,36.52,49.09,38.09,66.34,45.93,72.61,44.36,78.1,45.93,67.9,39.66,81.23,38.88,60.06,60.04,44.38,76.51,70.26,78.08,60.06,71.8,60.06,82.0
17,2,16.94,45.93,23.22,43.58,29.49,45.15,13.81,36.52,30.27,38.88,49.09,44.36,56.14,44.36,63.2,45.93,46.74,38.09,64.77,36.52,35.76,60.83,23.22,76.51,50.66,77.29,38.11,73.37,38.11,82.0
17,3,29.49,43.58,35.76,42.01,42.82,43.58,31.06,34.17,47.52,36.52,63.98,43.58,70.26,42.01,76.53,42.01,64.77,37.31,79.66,34.96,57.71,59.26,39.68,74.94,68.69,74.94,56.93,71.02,56.93,83.56
17,4,24.0,47.5,30.27,45.15,38.11,47.5,23.22,34.96,38.9,38.09,56.14,46.72,63.98,45.15,71.04,46.72,57.71,39.66,74.18,36.52,47.52,63.96,32.62,78.08,63.2,75.72,48.3,74.94,48.3,84.35
17,5,20.08,45.15,26.35,42.8,33.41,43.58,16.94,38.88,37.33,38.09,54.58,43.58,61.63,42.01,69.47,43.58,53.79,38.09,74.96,39.66,42.82,58.48,31.84,78.08,56.14,77.29,44.38,73.37,44.38,81.21
17,6,27.14,42.8,34.19,41.23,41.25,42.8,28.7,33.39,45.17,34.17,60.85,43.58,67.12,42.8,74.96,42.8,63.2,35.74,78.1,35.74,53.01,60.83,38.9,78.08,62.42,77.29,53.01,74.16,53.01,84.35
17,7,19.3,46.72,26.35,42.8,33.41,45.93,20.08,35.74,35.76,38.09,52.22,45.93,60.85,45.15,68.69,46.72,50.66,38.88,71.04,38.09,41.25,62.4,27.14,76.51,56.93,78.08,42.82,74.16,42.82,82.0
17,8,27.92,45.15,34.19,43.58,41.25,45.15,27.14,37.31,44.38,38.88,60.85,45.15,67.9,43.58,73.39,45.15,62.42,39.66,78.1,38.88,53.01,63.18,38.11,77.29,64.77,77.29,53.79,74.16,53.01,82.0
17,9,21.65,49.07,27.14,46.72,34.19,47.5,17.73,41.23,34.19,41.23,53.79,47.5,60.06,46.72,67.9,48.28,53.79,41.23,72.61,42.8,40.46,65.53,29.49,79.64,56.93,80.43,42.03,76.51,42.03,82.78
18,0,16.16,38.88,23.22,37.31,31.84,38.88,12.24,31.82,32.62,30.25,57.71,38.88,63.2,39.66,71.82,41.23,56.14,31.04,74.96,32.6,41.25,52.99,23.22,73.37,58.5,74.16,39.68,69.45,40.46,79.64
18,1,16.94,38.88,24.78,35.74,31.84,37.31,10.67,30.25,31.06,27.12,55.36,38.09,63.2,38.09,71.04,40.44,54.58,28.68,72.61,28.68,41.25,53.77,22.43,70.24,63.2,71.8,41.25,70.24,41.25,75.72
18,2,16.94,36.52,24.78,34.17,32.62,34.96,13.81,24.76,32.62,24.76,58.5,35.74,64.77,36.52,72.61,37.31,56.93,25.55,77.31,27.9,43.6,52.2,24.78,71.02,59.28,73.37,42.82,67.88,42.82,78.08
18,3,22.43,38.09,30.27,34.96,37.33,34.96,13.81,31.04,39.68,26.33,60.85,35.74,67.9,35.74,78.1,38.88,56.14,27.12,82.8,32.6,49.09,49.07,31.06,68.67,68.69,69.45,50.66,65.53,50.66,74.94
18,4,21.65,38.09,28.7,34.96,38.9,34.96,15.38,31.82,42.82,27.9,60.85,34.96,67.9,34.96,75.74,37.31,55.36,27.12,82.02,33.39,50.66,50.64,34.19,72.59,64.77,73.37,49.87,67.88,49.87,76.51
18,5,18.51,33.39,24.78,31.82,34.19,33.39,13.81,25.55,33.41,23.2,56.14,34.96,62.42,34.96,69.47,36.52,53.79,27.12,74.18,27.12,43.6,49.07,26.35,70.24,56.14,72.59,42.03,65.53,41.25,82.0
18,6,18.51,37.31,25.57,34.17,34.98,34.17,13.02,31.82,38.11,25.55,55.36,34.96,62.42,34.17,72.61,37.31,53.01,27.12,77.31,31.82,47.52,48.28,23.22,62.4,68.69,63.96,46.74,64.75,46.74,71.8
18,7,22.43,36.52,30.27,32.6,38.11,33.39,16.16,30.25,41.25,23.98,59.28,32.6,64.77,32.6,72.61,34.96,56.14,25.55,79.66,29.47,49.87,45.93,31.06,65.53,68.69,65.53,49.87,63.18,49.87,73.37
18,8,26.35,42.01,32.62,38.09,40.46,38.09,20.08,34.96,43.6,29.47,59.28,38.88,66.34,38.09,74.18,40.44,55.36,30.25,78.1,36.52,50.66,52.2,32.62,71.02,68.69,69.45,51.44,67.88,51.44,78.86
18,9,16.94,38.88,24.78,35.74,31.06,38.09,10.67,31.04,32.62,27.9,55.36,38.09,61.63,38.88,67.9,40.44,54.58,28.68,72.61,28.68,42.03,53.77,24.0,72.59,56.93,74.16,41.25,69.45,41.25,80.43
19,0,30.27,42.8,35.76,42.01,42.03,44.36,24.0,35.74,50.66,35.74,63.98,42.8,69.47,42.01,74.96,44.36,60.85,35.74,81.23,38.09,56.93,59.26,36.54,73.37,71.04,72.59,56.14,71.02,56.14,82.78
19,1,28.7,44.36,34.98,42.8,40.46,45.15,22.43,37.31,48.3,36.52,61.63,43.58,66.34,42.8,72.61,44.36,58.5,36.52,78.88,38.09,54.58,60.04,36.54,74.94,67.12,75.72,54.58,72.59,55.36,83.56
19,2,27.14,42.8,32.62,41.23,38.11,42.01,20.08,34.96,42.82,34.17,60.85,42.01,64.77,41.23,70.26,42.01,53.01,34.96,78.1,36.52,50.66,58.48,37.33,78.86,63.2,76.51,50.66,76.51,51.44,83.56
19,3,21.65,45.93,30.27,42.01,38.11,43.58,16.94,39.66,39.68,33.39,58.5,41.23,63.98,37.31,69.47,37.31,52.22,32.6,74.18,28.68,51.44,55.34,38.11,74.94,71.82,69.45,54.58,70.24,56.93,77.29
19,4,26.35,43.58,32.62,41.23,39.68,42.8,20.08,35.74,45.17,34.96,60.85,44.36,66.34,42.01,71.82,42.01,56.93,34.96,81.23,36.52,51.44,59.26,35.76,74.16,65.55,75.72,51.44,72.59,51.44,85.13
19,5,24.78,45.93,31.06,43.58,38.9,43.58,17.73,40.44,41.25,33.39,57.71,39.66,61.63,36.52,68.69,34.96,53.79,30.25,72.61,26.33,51.44,56.91,39.68,73.37,68.69,67.1,54.58,70.24,54.58,71.8
19,6,27.92,45.93,32.62,44.36,38.11,44.36,20.86,39.66,42.03,38.09,60.06,44.36,63.98,44.36,71.04,43.58,55.36,36.52,76.53,38.09,50.66,61.61,35.76,76.51,62.42,77.29,50.66,74.94,50.66,84.35
19,7,26.35,45.93,31.06,45.93,37.33,45.15,19.3,40.44,42.03,39.66,59.28,46.72,63.98,46.72,71.82,46.72,55.36,41.23,77.31,40.44,47.52,64.75,34.98,78.08,61.63,78.08,48.3,75.72,48.3,87.48
19,8,27.92,45.93,33.41,45.15,39.68,45.15,20.08,38.09,43.6,38.09,60.85,46.72,65.55,45.93,71.82,45.93,58.5,38.88,80.45,39.66,49.87,63.18,37.33,80.43,62.42,80.43,50.66,78.86,50.66,88.27
19,9,30.27,42.8,37.33,42.01,44.38,43.58,24.0,36.52,45.95,35.74,63.2,43.58,70.26,42.8,74.96,42.8,58.5,36.52,80.45,37.31,53.79,60.04,39.68,80.43,63.98,78.86,54.58,78.86,54.58,82.0
20,0,27.14,54.56,34.19,50.64,42.82,50.64,26.35,47.5,42.03,43.58,63.98,50.64,67.9,49.07,75.74,49.07,60.85,42.01,77.31,44.36,57.71,68.67,38.9,78.86,70.26,75.72,56.14,78.08,56.14,82.78
20,1,20.08,52.2,24.0,50.64,30.27,50.64,16.94,47.5,29.49,43.58,49.87,49.07,56.93,49.07,63.98,49.85,49.09,42.8,65.55,44.36,41.25,67.1,27.92,76.51,58.5,74.16,42.82,77.29,42.82,82.0
20,2,23.22,53.77,29.49,50.64,33.41,50.64,20.08,46.72,31.84,42.01,51.44,50.64,57.71,49.07,63.98,49.07,49.09,42.01,66.34,44.36,45.17,67.1,31.84,76.51,58.5,74.16,44.38,76.51,44.38,83.56
20,3,27.14,49.07,32.62,47.5,41.25,49.07,24.0,42.8,40.46,41.23,60.85,47.5,64.77,47.5,71.82,47.5,58.5,42.01,71.04,41.23,52.22,63.96,38.11,78.86,61.63,78.86,51.44,76.51,51.44,85.13
20,4,31.84,52.2,37.33,49.85,43.6,49.85,28.7,45.93,43.6,43.58,62.42,49.85,67.9,49.07,75.74,49.85,62.42,43.58,75.74,42.8,58.5,68.67,41.25,80.43,65.55,79.64,54.58,77.29,55.36,87.48
20,5,35.76,49.07,39.68,48.28,48.3,48.28,31.84,43.58,45.95,39.66,65.55,48.28,71.04,45.93,77.31,47.5,66.34,40.44,80.45,42.8,62.42,65.53,45.17,78.86,70.26,78.08,58.5,76.51,58.5,83.56
20,6,19.3,52.99,25.57,49.85,31.06,49.85,15.38,45.93,29.49,44.36,51.44,50.64,58.5,49.85,65.55,51.42,47.52,41.23,66.34,42.8,40.46,68.67,27.92,80.43,56.14,80.43,42.03,78.08,42.03,88.27
20,7,21.65,49.85,27.14,47.5,31.84,47.5,16.16,41.23,30.27,41.23,49.87,47.5,56.14,45.93,62.42,45.93,48.3,36.52,63.98,38.09,38.9,65.53,31.06,78.08,55.36,74.94,42.82,75.72,43.6,85.13
20,8,28.7,49.07,36.54,45.93,42.82,46.72,27.14,38.88,44.38,36.52,61.63,47.5,66.34,45.93,73.39,48.28,62.42,37.31,78.88,41.23,56.93,64.75,41.25,78.08,63.98,76.51,54.58,75.72,53.79,83.56
20,9,20.86,49.85,27.14,48.28,33.41,48.28,19.3,42.8,32.62,43.58,53.01,47.5,56.93,47.5,62.42,46.72,48.3,40.44,62.42,40.44,42.03,64.75,32.62,78.08,55.36,76.51,41.25,74.16,41.25,85.13
21,0,17.73,41.23,26.35,39.66,33.41,40.44,10.67,34.96,34.98,31.04,56.93,38.88,65.55,38.09,74.18,39.66,54.58,30.25,79.66,31.82,47.52,54.56,29.49,75.72,68.69,73.37,48.3,70.24,49.87,88.27
21,1,11.46,42.01,22.43,39.66,29.49,40.44,6.75,35.74,29.49,30.25,53.79,38.09,61.63,37.31,71.04,38.09,51.44,27.12,74.96,29.47,42.03,56.12,27.92,75.72,60.85,70.24,42.82,69.45,43.6,85.13
21,2,19.3,45.15,27.92,42.01,36.54,41.23,13.02,37.31,38.9,34.17,60.06,41.23,67.9,40.44,77.31,42.01,57.71,30.25,81.23,33.39,51.44,58.48,32.62,78.08,71.82,73.37,52.22,72.59,54.58,89.05
21,3,18.51,38.09,27.14,34.96,32.62,34.17,11.46,28.68,36.54,23.2,58.5,32.6,63.98,31.04,73.39,31.82,56.93,20.84,78.88,25.55,48.3,45.15,32.62,70.24,68.69,66.32,49.87,58.48,53.01,79.64
21,4,18.51,42.01,24.78,39.66,34.19,39.66,9.89,34.17,36.54,30.25,56.93,38.09,65.55,35.74,74.18,38.09,53.79,28.68,80.45,31.04,47.52,56.12,29.49,75.72,71.04,71.02,49.87,71.02,51.44,87.48
21,5,13.81,47.5,20.86,45.93,27.92,42.8,7.54,38.09,27.14,32.6,47.52,39.66,57.71,41.23,66.34,38.88,45.17,30.25,69.47,31.04,37.33,56.91,24.78,78.08,60.06,72.59,41.25,70.24,44.38,88.27
21,6,23.22,45.93,30.27,42.8,38.9,42.8,16.94,38.09,38.9,33.39,60.06,41.23,67.9,39.66,76.53,41.23,58.5,32.6,81.23,34.17,53.79,57.69,34.98,77.29,74.18,72.59,54.58,71.8,57.71,89.84
21,7,20.08,42.8,27.92,42.01,36.54,42.01,13.02,37.31,36.54,32.6,58.5,41.23,64.77,38.88,73.39,39.66,55.36,31.82,78.88,32.6,49.87,56.12,33.41,77.29,69.47,72.59,49.87,71.02,53.01,89.84
21,8,18.51,42.8,26.35,39.66,34.19,39.66,10.67,33.39,34.19,29.47,56.14,38.09,62.42,35.74,72.61,38.09,53.79,27.12,77.31,28.68,47.52,54.56,31.84,76.51,67.9,72.59,50.66,68.67,52.22,85.13
21,9,15.38,41.23,24.0,37.31,32.62,38.09,9.89,33.39,31.06,28.68,53.79,37.31,60.85,34.96,68.69,36.52,50.66,26.33,74.18,28.68,43.6,56.12,28.7,74.94,63.98,70.24,45.95,68.67,47.52,85.92
22,0,21.65,51.42,29.49,49.07,35.76,49.85,14.59,45.93,37.33,43.58,55.36,49.85,60.85,48.28,68.69,49.85,49.87,41.23,75.74,43.58,45.95,63.18,27.92,78.86,58.5,79.64,44.38,78.86,44.38,82.0
22,1,34.19,51.42,41.25,49.07,49.09,49.07,29.49,45.93,50.66,42.01,67.12,48.28,73.39,45.93,82.02,49.07,67.12,41.23,85.15,42.01,66.34,63.96,44.38,80.43,74.96,78.86,63.98,78.08,63.98,82.78
22,2,26.35,52.2,34.19,49.85,40.46,51.42,21.65,47.5,39.68,45.93,60.06,50.64,67.9,49.07,74.96,51.42,56.93,45.15,80.45,45.15,56.14,69.45,36.54,84.35,65.55,83.56,53.79,82.0,53.79,88.27
22,3,13.81,50.64,20.86,48.28,26.35,50.64,8.32,45.93,25.57,44.36,45.95,50.64,52.22,49.07,57.71,50.64,40.46,43.58,64.77,45.93,30.27,69.45,17.73,78.86,48.3,81.21,31.84,80.43,31.06,85.92
22,4,33.41,52.99,40.46,50.64,45.95,51.42,27.92,49.07,49.09,45.93,65.55,51.42,71.04,49.85,77.31,51.42,64.77,45.15,84.37,45.15,62.42,71.02,38.9,80.43,69.47,80.43,58.5,82.78,58.5,87.48
22,5,13.81,49.85,22.43,47.5,26.35,48.28,7.54,43.58,27.14,42.8,44.38,49.07,53.01,47.5,58.5,49.07,40.46,42.8,64.77,44.36,29.49,66.32,21.65,82.0,46.74,83.56,31.84,78.86,31.84,87.48
22,6,16.94,50.64,24.78,48.28,30.27,49.85,11.46,45.15,31.06,44.36,54.58,49.07,60.85,46.72,70.26,48.28,48.3,42.8,74.96,42.8,42.82,67.88,29.49,82.78,56.14,82.0,42.03,82.0,42.03,87.48
22,7,35.76,53.77,41.25,49.07,49.09,50.64,27.14,46.72,51.44,43.58,66.34,48.28,72.61,45.93,81.23,48.28,65.55,41.23,84.37,42.01,67.12,64.75,45.95,81.21,75.74,77.29,64.77,78.08,65.55,84.35
22,8,14.59,50.64,20.86,47.5,27.14,50.64,9.1,45.93,26.35,44.36,43.6,49.85,51.44,47.5,58.5,49.07,36.54,42.01,63.2,44.36,27.14,65.53,19.3,80.43,47.52,80.43,31.06,80.43,31.06,84.35
22,9,16.94,50.64,24.0,48.28,31.84,49.07,10.67,47.5,31.06,42.8,50.66,47.5,56.93,45.93,66.34,46.72,44.38,40.44,71.04,41.23,39.68,63.96,28.7,81.21,57.71,79.64,42.03,79.64,42.03,85.13
23,0,23.22,39.66,30.27,38.88,39.68,41.23,18.51,34.17,37.33,29.47,56.93,42.8,63.2,38.88,71.04,41.23,57.71,31.04,72.61,33.39,49.87,61.61,34.19,78.08,63.2,78.86,49.09,74.94,49.09,82.78
23,1,24.78,38.88,32.62,37.31,38.11,38.09,19.3,31.82,35.76,30.25,57.71,40.44,66.34,38.88,71.82,40.44,60.06,31.04,76.53,33.39,49.87,60.83,34.19,77.29,63.2,75.72,49.09,74.16,49.09,82.0
23,2,15.38,40.44,20.86,38.09,28.7,39.66,9.89,34.17,28.7,32.6,47.52,42.01,56.93,40.44,62.42,41.23,46.74,31.82,67.12,34.96,34.98,63.18,24.78,77.29,51.44,79.64,36.54,74.94,37.33,83.56
23,3,21.65,37.31,28.7,33.39,34.19,35.74,16.94,31.04,37.33,26.33,56.93,38.09,63.98,34.17,69.47,37.31,55.36,27.12,74.96,29.47,48.3,54.56,32.62,75.72,64.77,76.51,48.3,71.8,48.3,80.43
23,4,24.78,37.31,31.84,34.96,40.46,38.09,20.86,31.82,38.11,25.55,59.28,38.09,66.34,36.52,74.18,38.09,59.28,27.9,78.1,31.04,53.79,56.91,34.19,70.24,64.77,70.24,52.22,69.45,52.22,82.78
23,5,21.65,38.09,27.92,38.09,34.98,38.88,16.16,32.6,33.41,30.25,54.58,41.23,61.63,39.66,70.26,39.66,57.71,31.82,74.18,34.96,45.95,61.61,31.06,74.94,59.28,75.72,45.17,74.94,45.17,80.43
23,6,19.3,36.52,26.35,34.17,35.76,36.52,15.38,27.9,31.06,25.55,54.58,37.31,63.2,35.74,70.26,38.09,57.71,26.33,71.82,30.25,45.17,54.56,31.84,72.59,60.06,72.59,45.95,70.24,45.95,78.08
23,7,20.08,43.58,27.14,44.36,34.19,45.15,16.94,36.52,31.84,34.96,53.79,45.93,62.42,49.07,71.04,48.28,58.5,35.74,76.53,38.88,45.17,68.67,28.7,79.64,58.5,80.43,45.17,79.64,45.17,85.13
23,8,23.22,43.58,30.27,40.44,38.11,42.01,17.73,37.31,35.76,31.82,57.71,42.01,64.77,40.44,71.82,41.23,58.5,31.82,74.18,34.17,50.66,62.4,35.76,78.86,64.77,78.86,49.87,77.29,49.87,82.78
23,9,21.65,41.23,27.92,38.88,36.54,39.66,17.73,34.96,34.19,31.04,55.36,42.01,63.2,39.66,69.47,40.44,56.93,31.82,71.82,34.17,48.3,63.18,32.62,76.51,62.42,78.08,48.3,74.94,48.3,82.78
24,0,22.43,46.72,32.62,45.93,38.9,48.28,20.86,42.8,42.03,44.36,56.93,49.07,63.98,48.28,71.04,51.42,56.93,43.58,76.53,47.5,47.52,71.02,24.78,74.16,67.9,74.16,45.95,80.43,45.95,83.56
24,1,33.41,45.93,43.6,44.36,49.87,44.36,33.41,39.66,56.14,39.66,68.69,45.93,75.74,45.93,83.58,49.07,71.04,40.44,86.72,42.8,39.68,82.78,74.18,79.64,60.06,79.64,60.06,85.92,,
24,2,24.78,49.85,32.62,47.5,41.25,47.5,20.86,45.15,42.03,43.58,60.06,47.5,67.12,47.5,74.96,48.28,59.28,42.8,78.88,45.93,50.66,70.24,30.27,77.29,70.26,76.51,49.09,80.43,49.09,86.7
24,3,14.59,42.01,22.43,40.44,29.49,42.8,13.81,35.74,31.06,38.09,45.95,45.93,53.79,46.72,61.63,49.85,45.17,39.66,63.98,45.93,30.27,67.1,19.3,78.08,49.87,82.0,31.06,80.43,31.06,82.78
24,4,9.1,44.36,16.16,42.01,20.86,42.8,5.18,37.31,20.86,38.88,40.46,45.15,47.52,45.93,55.36,48.28,36.54,40.44,62.42,45.15,22.43,67.88,13.02,78.08,46.74,79.64,24.0,80.43,24.0,83.56
24,5,25.57,46.72,33.41,44.36,39.68,45.15,20.86,40.44,44.38,38.09,60.06,48.28,66.34,47.5,72.61,49.85,60.06,39.66,80.45,45.93,49.87,67.88,32.62,81.21,63.98,82.0,49.09,81.21,48.3,85.92
24,6,19.3,47.5,28.7,45.93,35.76,45.93,15.38,42.01,35.76,40.44,55.36,48.28,61.63,48.28,69.47,50.64,54.58,43.58,75.74,46.72,42.82,71.8,20.86,74.16,66.34,76.51,42.82,80.43,42.03,84.35
24,7,9.89,47.5,16.94,45.15,23.22,45.15,5.97,40.44,20.08,39.66,41.25,46.72,47.52,46.72,56.93,49.85,38.11,40.44,61.63,46.72,24.0,68.67,13.02,74.94,50.66,77.29,26.35,80.43,27.14,83.56
24,8,19.3,42.8,27.92,42.01,37.33,45.15,18.51,37.31,38.9,38.88,55.36,49.07,62.42,47.5,71.04,52.2,55.36,40.44,75.74,46.72,42.03,70.24,22.43,80.43,55.36,83.56,40.46,83.56,40.46,85.13
24,9,27.14,47.5,35.76,46.72,42.82,47.5,24.78,42.8,47.52,40.44,62.42,48.28,68.69,48.28,76.53,49.85,63.98,42.8,80.45,47.5,54.58,70.24,31.06,78.86,69.47,78.86,52.22,83.56,52.22,87.48
25,0,19.31,45.5,27.3,42.84,35.96,45.5,16.65,40.84,39.96,39.51,56.61,46.83,65.26,44.84,73.92,47.5,53.94,40.84,77.25,43.5,44.62,61.49,29.3,74.8,55.94,75.47,43.95,74.8,43.29,79.47
25,1,12.65,46.17,19.98,46.17,25.97,47.5,7.33,43.5,29.97,41.51,49.28,50.16,56.61,48.83,65.93,52.16,47.28,43.5,69.93,47.5,28.64,64.15,17.31,76.8,43.29,81.46,29.97,78.13,28.64,82.8
25,2,23.97,46.83,30.63,44.84,38.63,46.83,22.64,40.17,42.62,36.84,57.94,48.83,65.93,46.83,74.59,49.5,59.94,38.84,77.92,43.5,47.95,63.48,33.96,86.13,56.61,87.46,46.62,80.8,46.62,94.78
25,3,37.29,47.5,49.28,45.5,54.61,46.17,31.3,43.5,58.61,42.17,72.59,47.5,81.25,46.17,85.91,46.83,71.92,41.51,87.91,42.17,70.59,63.48,48.62,75.47,73.92,76.14,65.93,73.47,65.26,82.8
25,4,43.29,46.17,53.28,44.84,59.27,46.17,39.29,42.17,62.6,39.51,75.92,46.17,82.58,44.84,87.24,46.17,75.25,39.51,88.57,40.17,75.25,60.82,55.28,74.8,75.25,74.8,68.59,74.14,68.59,78.13
25,5,19.98,47.5,29.3,47.5,37.29,46.83,15.98,42.84,38.63,40.84,54.61,48.17,61.93,50.16,71.92,49.5,54.61,42.17,77.25,46.17,42.62,66.15,27.97,74.8,58.61,78.8,43.95,76.8,43.29,82.8
25,6,18.65,40.84,26.64,38.18,33.3,38.84,15.98,34.18,33.96,32.18,53.94,40.84,61.27,38.84,68.59,40.84,51.95,31.52,71.92,38.18,40.62,53.49,25.31,73.47,53.94,72.81,39.96,70.14,39.96,76.14
25,7,38.63,49.5,47.95,48.83,53.94,48.83,31.97,44.84,55.94,42.17,69.93,49.5,79.25,48.83,83.25,50.16,69.93,42.84,85.91,42.84,67.93,65.48,49.28,78.13,73.26,78.8,62.6,76.14,62.6,81.46
25,8,25.31,48.17,33.3,47.5,41.29,49.5,20.64,45.5,44.62,44.84,59.94,49.5,66.6,48.83,74.59,50.83,57.27,44.17,79.25,46.17,51.28,68.15,37.29,78.13,59.27,78.8,50.61,78.8,50.61,82.13
25,9,40.62,51.5,51.95,48.83,55.28,49.5,35.96,48.17,58.61,43.5,73.26,49.5,80.58,46.83,83.25,47.5,72.59,44.17,85.91,42.17,70.59,66.81,50.61,80.13,74.59,79.47,67.93,78.8,67.93,83.46
26,0,20.64,39.51,27.97,37.51,34.63,39.51,15.32,31.52,35.3,32.85,57.27,42.84,64.6,40.84,72.59,42.84,55.28,34.18,80.58,36.18,43.29,64.15,24.64,73.47,61.27,78.13,42.62,75.47,41.29,85.46
26,1,23.31,36.84,30.63,35.51,37.29,36.84,16.65,28.19,38.63,28.19,60.6,40.84,68.59,38.84,77.92,41.51,61.93,30.85,83.91,34.85,45.95,61.49,25.97,70.81,64.6,75.47,45.95,72.81,43.95,84.13
26,2,21.98,38.18,28.64,36.84,35.3,38.84,13.32,29.52,37.29,28.85,59.94,40.84,67.26,40.17,75.25,41.51,59.94,30.85,81.91,34.18,44.62,62.15,24.64,73.47,60.6,79.47,43.95,75.47,42.62,84.13
26,3,20.64,38.18,27.97,38.18,35.96,40.17,15.98,31.52,35.96,31.52,59.27,42.17,66.6,41.51,73.92,42.84,59.27,34.18,79.92,35.51,44.62,63.48,24.64,74.8,61.93,77.47,44.62,74.8,43.29,88.12
26,4,22.64,38.18,29.3,38.18,36.63,38.84,19.31,31.52,39.29,33.51,59.94,43.5,68.59,43.5,75.92,46.17,60.6,36.18,81.91,38.18,44.62,64.15,26.64,74.14,59.27,78.8,42.62,74.8,41.96,87.46
26,5,25.97,44.84,33.3,44.84,39.29,42.84,21.31,35.51,39.29,36.84,57.94,46.17,63.93,48.83,73.92,48.17,56.61,40.84,76.59,42.17,45.95,66.81,29.3,76.14,59.94,82.13,43.95,76.8,42.62,88.12
26,6,18.65,43.5,26.64,42.84,33.96,44.17,15.98,38.18,36.63,36.84,54.61,46.83,61.93,46.83,70.59,47.5,54.61,40.17,75.25,41.51,41.96,66.81,23.31,76.8,56.61,80.13,39.96,77.47,39.29,84.79
26,7,21.98,41.51,28.64,41.51,37.29,43.5,17.98,36.18,36.63,36.84,57.27,46.17,63.93,44.84,71.92,46.83,58.61,38.18,76.59,40.17,44.62,66.15,27.3,76.14,59.94,80.13,43.95,76.14,42.62,88.12
26,8,22.64,42.17,29.97,41.51,35.3,41.51,15.98,35.51,37.96,34.18,55.94,43.5,64.6,44.17,71.92,46.17,55.94,36.84,75.92,38.84,45.29,65.48,27.97,74.8,59.27,76.8,45.29,74.8,43.29,86.13
26,9,21.98,38.18,27.3,38.18,33.96,38.84,15.98,30.18,34.63,28.85,57.27,42.17,62.6,41.51,71.92,43.5,56.61,32.85,74.59,35.51,43.29,63.48,25.31,74.14,56.61,78.8,41.96,76.14,40.62,84.13
27,0,20.64,40.84,29.97,36.84,35.3,38.84,14.65,34.18,37.29,28.85,53.94,40.84,60.6,38.84,71.26,41.51,54.61,28.85,75.92,36.18,45.95,60.82,29.3,75.47,59.94,76.14,44.62,73.47,44.62,76.14
27,1,21.31,39.51,33.3,35.51,39.29,35.51,59.94,39.51,67.93,38.18,77.25,41.51,17.98,30.18,43.29,28.19,59.27,28.85,79.92,32.18,50.61,55.49,31.97,72.14,65.26,74.8,49.95,70.81,49.95,77.47
27,2,17.98,38.84,26.64,36.18,31.97,36.84,13.32,30.18,31.3,28.19,48.62,39.51,57.27,39.51,63.93,42.84,46.62,28.85,67.93,34.85,35.96,56.82,24.64,72.81,51.28,74.8,36.63,72.14,36.63,77.47
27,3,9.99,38.84,21.31,35.51,27.3,35.51,7.99,28.19,27.3,24.86,47.28,35.51,56.61,32.85,67.26,34.85,45.95,23.52,65.93,23.52,34.63,50.83,25.97,70.81,59.94,68.81,39.29,67.48,39.96,72.14
27,4,19.98,39.51,29.97,35.51,38.63,38.84,15.98,30.85,41.29,26.85,57.27,38.18,67.26,36.84,76.59,38.84,55.28,27.52,79.25,30.18,49.28,56.82,31.3,72.14,64.6,72.14,49.28,70.81,49.28,74.14
27,5,21.31,40.84,30.63,38.18,35.96,39.51,16.65,33.51,37.96,30.18,53.28,40.84,61.93,40.84,69.26,42.84,53.94,32.18,71.92,35.51,45.95,59.49,29.3,76.14,60.6,76.8,46.62,73.47,46.62,77.47
27,6,17.98,44.17,29.97,38.84,37.29,40.17,15.32,34.85,39.29,28.85,56.61,40.17,65.93,37.51,72.59,39.51,51.95,28.85,77.25,30.85,49.95,59.49,32.63,76.14,67.93,72.81,50.61,72.81,51.28,80.13
27,7,35.3,42.84,44.62,38.84,54.61,38.84,31.97,32.85,51.95,31.52,66.6,42.17,72.59,38.84,81.91,43.5,65.93,30.18,85.24,38.18,64.6,59.49,45.29,76.14,75.25,74.8,64.6,73.47,64.6,76.8
27,8,25.31,44.17,36.63,40.84,44.62,42.17,23.31,36.18,49.95,34.85,65.26,43.5,72.59,41.51,81.91,44.17,65.26,36.18,85.24,34.85,57.94,63.48,38.63,77.47,68.59,78.13,55.94,78.8,55.94,83.46
27,9,11.32,36.84,20.64,34.18,24.64,34.85,7.33,24.86,24.64,26.19,43.95,39.51,52.61,38.18,60.6,41.51,41.96,25.52,61.93,32.18,23.97,55.49,13.98,72.14,41.96,74.14,26.64,70.14,26.64,74.8
28,0,20.64,48.17,27.97,47.5,35.3,48.17,16.65,42.17,36.63,41.51,56.61,48.83,63.27,47.5,69.26,48.17,51.95,40.17,74.59,44.17,44.62,67.48,31.3,81.46,57.94,82.13,43.95,80.8,43.95,86.79
28,1,23.97,49.5,33.3,48.17,39.29,48.17,20.64,44.17,43.29,42.84,60.6,48.17,68.59,46.17,75.25,47.5,56.61,42.17,76.59,40.84,52.61,68.81,37.29,83.46,62.6,82.13,52.61,80.8,52.61,86.13
28,2,19.31,46.17,23.97,45.5,31.97,46.17,16.65,37.51,33.96,40.84,51.28,47.5,55.94,46.17,64.6,47.5,50.61,41.51,69.93,41.51,37.96,68.15,28.64,81.46,52.61,81.46,40.62,80.13,40.62,86.13
28,3,22.64,46.17,30.63,45.5,37.96,46.17,19.98,39.51,38.63,41.51,57.94,46.17,64.6,44.17,71.26,45.5,57.94,40.84,76.59,42.17,49.28,66.81,35.96,80.13,59.94,81.46,47.95,78.13,47.95,84.79
28,4,17.31,42.84,23.97,38.84,31.97,42.17,15.32,34.18,33.3,33.51,50.61,43.5,57.94,39.51,66.6,43.5,50.61,33.51,71.92,40.84,39.29,60.82,29.3,78.13,51.28,79.47,40.62,76.14,39.96,85.46
28,5,18.65,42.17,25.97,40.17,33.3,42.17,13.32,31.52,33.96,32.18,54.61,41.51,59.94,40.17,67.26,42.84,52.61,32.18,73.92,41.51,41.29,58.82,32.63,78.13,52.61,78.8,41.96,73.47,41.96,84.13
28,6,18.65,45.5,27.3,44.17,36.63,45.5,15.32,35.51,35.96,38.84,53.94,45.5,61.93,43.5,67.93,44.17,53.28,36.84,74.59,40.84,43.29,63.48,32.63,78.8,55.94,80.13,43.95,76.14,43.95,83.46
28,7,12.65,44.84,18.65,44.84,27.3,45.5,11.32,36.18,27.3,39.51,45.29,46.83,51.28,45.5,61.93,47.5,45.95,38.84,69.26,44.17,29.97,66.81,23.31,80.8,45.29,82.8,32.63,79.47,33.3,88.12
28,8,10.66,46.83,13.32,48.83,19.31,47.5,6.66,38.84,19.98,42.17,40.62,48.17,44.62,50.16,55.28,48.83,36.63,42.84,60.6,42.17,23.97,69.48,16.65,79.47,40.62,84.13,27.3,80.8,26.64,86.79
28,9,20.64,42.84,27.97,40.17,35.3,42.17,16.65,34.85,33.3,34.18,55.28,43.5,62.6,39.51,71.26,42.17,53.28,34.18,73.26,36.84,44.62,62.15,32.63,78.8,57.27,78.13,45.29,74.8,45.29,82.13
29,0,24.64,47.5,31.97,44.84,41.29,47.5,17.98,40.17,43.29,41.51,61.93,48.17,68.59,47.5,75.92,50.83,63.27,42.17,82.58,45.5,55.94,65.48,37.29,77.47,63.93,79.47,52.61,76.14,52.61,83.46
29,1,24.64,47.5,32.63,46.83,39.29,48.17,15.98,42.17,39.29,40.84,59.27,48.83,65.93,47.5,75.25,49.5,58.61,42.17,81.25,46.17,51.95,66.81,35.96,78.8,63.27,78.8,50.61,76.14,50.61,86.13
29,2,28.64,46.17,35.96,47.5,43.95,48.83,21.98,40.84,45.95,43.5,63.27,51.5,69.26,50.83,75.92,52.83,65.93,45.5,83.91,49.5,57.27,69.48,35.3,76.8,63.27,80.8,52.61,78.13,50.61,86.13
29,3,11.99,48.83,18.65,48.17,27.3,48.17,7.33,43.5,25.97,43.5,49.28,50.83,55.28,50.16,65.26,49.5,49.28,44.84,71.92,46.83,35.96,68.81,23.97,79.47,53.28,80.8,38.63,79.47,39.29,87.46
29,4,11.32,48.17,17.31,47.5,23.97,47.5,5.99,41.51,23.97,42.17,45.95,49.5,50.61,48.83,61.27,50.83,45.29,43.5,69.26,47.5,29.97,68.81,19.98,77.47,47.95,79.47,29.97,77.47,29.3,86.13
29,5,22.64,49.5,28.64,47.5,37.29,48.17,13.32,44.17,36.63,40.84,55.94,47.5,63.93,46.83,71.26,46.83,56.61,41.51,79.92,44.84,49.28,64.82,34.63,78.8,63.27,77.47,47.95,75.47,47.95,84.13
29,6,17.98,53.49,25.97,51.5,32.63,51.5,11.32,47.5,30.63,45.5,52.61,51.5,61.27,48.83,69.93,50.16,53.28,44.84,75.25,46.17,43.95,71.48,31.97,82.8,59.94,80.13,45.95,80.8,45.95,87.46
29,7,16.65,48.83,23.31,47.5,33.3,48.17,9.32,42.84,32.63,40.84,53.94,48.17,59.94,46.17,69.26,48.17,53.28,41.51,77.92,42.17,44.62,66.81,31.97,80.13,61.27,77.47,45.95,76.14,47.28,86.79
29,8,21.31,52.83,29.97,49.5,36.63,50.83,12.65,47.5,35.96,44.17,56.61,49.5,62.6,46.83,72.59,48.17,54.61,43.5,77.92,43.5,48.62,67.48,36.63,80.8,65.93,76.8,51.28,77.47,51.28,82.13
29,9,19.98,46.17,29.97,45.5,37.96,48.17,15.32,40.17,39.29,41.51,59.94,50.16,66.6,49.5,73.92,50.83,60.6,42.84,81.91,46.83,47.95,66.81,31.3,76.8,59.27,78.8,46.62,75.47,45.95,84.13
30,0,,,,,,,,,,,,,,,,,,,,,,,,,,,,,,
30,1,,,,,,,,,,,,,,,,,,,,,,,,,,,,,,
30,2,,,,,,,,,,,,,,,,,,,,,,,,,,,,,,
30,3,,,,,,,,,,,,,,,,,,,,,,,,,,,,,,
30,4,,,,,,,,,,,,,,,,,,,,,,,,,,,,,,
30,5,,,,,,,,,,,,,,,,,,,,,,,,,,,,,,
30,6,,,,,,,,,,,,,,,,,,,,,,,,,,,,,,
30,7,,,,,,,,,,,,,,,,,,,,,,,,,,,,,,
30,8,,,,,,,,,,,,,,,,,,,,,,,,,,,,,,
30,9,,,,,,,,,,,,,,,,,,,,,,,,,,,,,,
31,0,,,,,,,,,,,,,,,,,,,,,,,,,,,,,,
31,1,,,,,,,,,,,,,,,,,,,,,,,,,,,,,,
31,2,,,,,,,,,,,,,,,,,,,,,,,,,,,,,,
31,3,,,,,,,,,,,,,,,,,,,,,,,,,,,,,,
31,4,,,,,,,,,,,,,,,,,,,,,,,,,,,,,,
31,5,,,,,,,,,,,,,,,,,,,,,,,,,,,,,,
31,6,,,,,,,,,,,,,,,,,,,,,,,,,,,,,,
31,7,,,,,,,,,,,,,,,,,,,,,,,,,,,,,,
31,8,,,,,,,,,,,,,,,,,,,,,,,,,,,,,,
31,9,,,,,,,,,,,,,,,,,,,,,,,,,,,,,,
32,0,,,,,,,,,,,,,,,,,,,,,,,,,,,,,,
32,1,,,,,,,,,,,,,,,,,,,,,,,,,,,,,,
32,2,,,,,,,,,,,,,,,,,,,,,,,,,,,,,,
32,3,,,,,,,,,,,,,,,,,,,,,,,,,,,,,,
32,4,,,,,,,,,,,,,,,,,,,,,,,,,,,,,,
32,5,,,,,,,,,,,,,,,,,,,,,,,,,,,,,,
32,6,,,,,,,,,,,,,,,,,,,,,,,,,,,,,,
32,7,,,,,,,,,,,,,,,,,,,,,,,,,,,,,,
32,8,,,,,,,,,,,,,,,,,,,,,,,,,,,,,,
32,9,,,,,,,,,,,,,,,,,,,,,,,,,,,,,,
33,0,,,,,,,,,,,,,,,,,,,,,,,,,,,,,,
33,1,,,,,,,,,,,,,,,,,,,,,,,,,,,,,,
33,2,,,,,,,,,,,,,,,,,,,,,,,,,,,,,,
33,3,,,,,,,,,,,,,,,,,,,,,,,,,,,,,,
33,4,,,,,,,,,,,,,,,,,,,,,,,,,,,,,,
33,5,,,,,,,,,,,,,,,,,,,,,,,,,,,,,,
33,6,,,,,,,,,,,,,,,,,,,,,,,,,,,,,,
33,7,,,,,,,,,,,,,,,,,,,,,,,,,,,,,,
33,8,,,,,,,,,,,,,,,,,,,,,,,,,,,,,,
33,9,,,,,,,,,,,,,,,,,,,,,,,,,,,,,,
34,0,,,,,,,,,,,,,,,,,,,,,,,,,,,,,,
34,1,,,,,,,,,,,,,,,,,,,,,,,,,,,,,,
34,2,,,,,,,,,,,,,,,,,,,,,,,,,,,,,,
34,3,,,,,,,,,,,,,,,,,,,,,,,,,,,,,,
34,4,,,,,,,,,,,,,,,,,,,,,,,,,,,,,,
34,5,,,,,,,,,,,,,,,,,,,,,,,,,,,,,,
34,6,,,,,,,,,,,,,,,,,,,,,,,,,,,,,,
34,7,,,,,,,,,,,,,,,,,,,,,,,,,,,,,,
34,8,,,,,,,,,,,,,,,,,,,,,,,,,,,,,,
34,9,,,,,,,,,,,,,,,,,,,,,,,,,,,,,,
35,0,,,,,,,,,,,,,,,,,,,,,,,,,,,,,,
35,1,,,,,,,,,,,,,,,,,,,,,,,,,,,,,,
35,2,,,,,,,,,,,,,,,,,,,,,,,,,,,,,,
35,3,,,,,,,,,,,,,,,,,,,,,,,,,,,,,,
35,4,,,,,,,,,,,,,,,,,,,,,,,,,,,,,,
35,5,,,,,,,,,,,,,,,,,,,,,,,,,,,,,,
35,6,,,,,,,,,,,,,,,,,,,,,,,,,,,,,,
35,7,,,,,,,,,,,,,,,,,,,,,,,,,,,,,,
35,8,,,,,,,,,,,,,,,,,,,,,,,,,,,,,,
35,9,,,,,,,,,,,,,,,,,,,,,,,,,,,,,,
36,0,,,,,,,,,,,,,,,,,,,,,,,,,,,,,,
36,1,,,,,,,,,,,,,,,,,,,,,,,,,,,,,,
36,2,,,,,,,,,,,,,,,,,,,,,,,,,,,,,,
36,3,,,,,,,,,,,,,,,,,,,,,,,,,,,,,,
36,4,,,,,,,,,,,,,,,,,,,,,,,,,,,,,,
36,5,,,,,,,,,,,,,,,,,,,,,,,,,,,,,,
36,6,,,,,,,,,,,,,,,,,,,,,,,,,,,,,,
36,7,,,,,,,,,,,,,,,,,,,,,,,,,,,,,,
36,8,,,,,,,,,,,,,,,,,,,,,,,,,,,,,,
36,9,,,,,,,,,,,,,,,,,,,,,,,,,,,,,,
37,0,,,,,,,,,,,,,,,,,,,,,,,,,,,,,,
37,1,,,,,,,,,,,,,,,,,,,,,,,,,,,,,,
37,2,,,,,,,,,,,,,,,,,,,,,,,,,,,,,,
37,3,,,,,,,,,,,,,,,,,,,,,,,,,,,,,,
37,4,,,,,,,,,,,,,,,,,,,,,,,,,,,,,,
37,5,,,,,,,,,,,,,,,,,,,,,,,,,,,,,,
37,6,,,,,,,,,,,,,,,,,,,,,,,,,,,,,,
37,7,,,,,,,,,,,,,,,,,,,,,,,,,,,,,,
37,8,,,,,,,,,,,,,,,,,,,,,,,,,,,,,,
37,9,,,,,,,,,,,,,,,,,,,,,,,,,,,,,,
38,0,,,,,,,,,,,,,,,,,,,,,,,,,,,,,,
38,1,,,,,,,,,,,,,,,,,,,,,,,,,,,,,,
38,2,,,,,,,,,,,,,,,,,,,,,,,,,,,,,,
38,3,,,,,,,,,,,,,,,,,,,,,,,,,,,,,,
38,4,,,,,,,,,,,,,,,,,,,,,,,,,,,,,,
38,5,,,,,,,,,,,,,,,,,,,,,,,,,,,,,,
38,6,,,,,,,,,,,,,,,,,,,,,,,,,,,,,,
38,7,,,,,,,,,,,,,,,,,,,,,,,,,,,,,,
38,8,,,,,,,,,,,,,,,,,,,,,,,,,,,,,,
38,9,,,,,,,,,,,,,,,,,,,,,,,,,,,,,,
39,0,,,,,,,,,,,,,,,,,,,,,,,,,,,,,,
39,1,,,,,,,,,,,,,,,,,,,,,,,,,,,,,,
39,2,,,,,,,,,,,,,,,,,,,,,,,,,,,,,,
39,3,,,,,,,,,,,,,,,,,,,,,,,,,,,,,,
39,4,,,,,,,,,,,,,,,,,,,,,,,,,,,,,,
39,5,,,,,,,,,,,,,,,,,,,,,,,,,,,,,,
39,6,,,,,,,,,,,,,,,,,,,,,,,,,,,,,,
39,7,,,,,,,,,,,,,,,,,,,,,,,,,,,,,,
39,8,,,,,,,,,,,,,,,,,,,,,,,,,,,,,,
39,9,,,,,,,,,,,,,,,,,,,,,,,,,,,,,,
